"Date","Weekly amounts outstanding of Central Bank sterling reserve balance liabilities (in sterling millions) not seasonally adjusted                           RPWB56A","Weekly amounts outstanding of Central Bank short-term open market operations (fine-tuning) (in sterling millions) not seasonally adjusted                           RPWB58A","Weekly amounts outstanding of Central Bank sterling short-term market operations with Bank of England counterparties (one-week) (in sterling millions) not seasonally adjusted                           RPWB9R8","Weekly amounts outstanding of Central Bank short-term open market operations (other maturity within-maintenance period sterling) (in sterling millions) not seasonally adjusted                           RPWBV79","Weekly amounts outstanding of Central Bank sterling notes in circulation total (in sterling millions) not seasonally adjusted                           RPWB55A","Weekly amounts outstanding of Central Bank fine-tuning reverse repos with Bank of England counterparties (in sterling millions) not seasonally adjusted                           RPWB68A","Weekly amounts outstanding of Central Bank one-week reverse repos with Bank of England counterparties (in sterling millions) not seasonally adjusted                           RPWB67A","Weekly amounts outstanding of Central Bank sterling other maturity within-maintenance period reverse repos Bank of England counterparties (in sterling millions) not seasonally adjusted                           RPWBL59","Weekly amounts outstanding of Central Bank sterling indexed long-term repos with Bank of England counterparties (in sterling millions) not seasonally adjusted                           RPWZ4TJ","Weekly amounts outstanding of Central Bank sterling contingent term repo facility with Bank of England counterparties (in sterling millions) not seasonally adjusted                           RPWZ4TK","Weekly amounts outstanding of Central Bank sterling denominated bond holdings total (in sterling millions) not seasonally adjusted                           RPWZ4TL","Weekly amounts outstanding of Central Bank sterling loan to Asset Purchase Facility total (in sterling millions) not seasonally adjusted                           RPWZ4TM","Accounting value of the aggregate drawings from the Term Funding Scheme on the Bank of England balance sheet (in sterling millions) financed by the creation of central bank reserves              [a]             RPWZO8Q","Accounting value of the aggregate drawings from the Term Funding Scheme with additional incentives for SMEs (TFSME) (in sterling millions) financed by the creation of central bank reserves                           RPWZOQ4","Weekly amounts outstanding of Central Bank sterling loan to Covid Corporate Financing Facility total (in sterling millions) not seasonally adjusted                           RPWZOQ3","Weekly amounts outstanding of Central Bank foreign currency public securities issued total (in sterling millions) not seasonally adjusted              [b]             RPWB59A","Weekly amounts outstanding of Central Bank all foreign currency reserve assets total (in sterling millions) not seasonally adjusted              [b]             RPWZ4TN"
"15 Dec 21","972517","0","0","0","88635","0","0","0","2456","0","16891","893800","902","192931","2138","9213","9212"
"08 Dec 21","973535","0","0","0","88403","0","0","0","2456","0","16750","890359","1493","192931","2238","9211","8174"
"01 Dec 21","971828","0","0","0","88158","0","0","0","2456","0","16636","886918","1889","193381","2238","8116","8047"
"24 Nov 21","967271","0","0","0","88028","0","0","0","2456","0","16592","883477","1916","193381","2536","8041","8039"
"17 Nov 21","967635","0","0","0","87863","0","0","0","2456","0","16511","879412","2214","193381","2835","7817","7358"
"10 Nov 21","964762","0","0","0","87950","0","0","0","2306","0","16400","878265","2264","193381","2835","7238","7166"
"03 Nov 21","961365","0","0","0","88036","0","0","0","2296","0","16396","877119","2289","193381","2835","7073","6815"
"27 Oct 21","936391","0","0","0","87993","0","0","0","2285","0","16392","873678","5007","166455","2835","6679","6113"
"20 Oct 21","905287","0","0","0","88024","0","0","0","2280","0","16318","872531","10367","133952","3432","6028","5485"
"13 Oct 21","885043","0","0","0","88056","0","0","0","2280","0","16221","870237","12847","115023","3432","5560","4974"
"06 Oct 21","870620","0","0","0","88039","0","0","0","2310","0","16121","869090","13717","105707","3432","4891","4892"
"29 Sep 21","859539","0","0","0","88143","0","0","0","2305","0","16077","866796","14172","99989","3432","4487","4488"
"22 Sep 21","851363","0","0","0","88003","0","0","0","2305","0","16032","865649","16652","94940","3606","4420","4419"
"15 Sep 21","850975","0","0","0","88168","0","0","0","2305","0","15944","863355","18125","92349","3606","4362","4360"
"08 Sep 21","849568","0","0","0","88220","0","0","0","2430","0","15847","862208","20007","91024","3606","4389","4389"
"01 Sep 21","856787","0","0","0","88321","0","0","0","2430","0","16224","857621","20531","89326","3906","4376","4376"
"25 Aug 21","854410","0","0","0","88037","0","0","0","2430","0","16151","855327","21004","88507","3906","4392","4392"
"18 Aug 21","854771","0","0","0","87916","0","0","0","2430","0","16056","851886","21545","87572","3945","4401","4402"
"11 Aug 21","850208","0","0","0","88039","0","0","0","2430","0","15975","848789","22226","86341","3995","4365","4366"
"04 Aug 21","847781","0","0","0","88025","0","0","0","2715","0","15926","847642","22431","85772","3995","4357","4357"
"28 Jul 21","845801","0","0","0","87961","0","0","0","2695","0","15850","845349","22716","88392","4060","4367","4366"
"21 Jul 21","845644","0","0","0","87746","0","0","0","2695","0","15782","844202","23088","90149","4358","4429","4427"
"14 Jul 21","843402","0","0","0","87693","0","0","0","2695","0","15702","841908","23576","89788","4408","4363","4362"
"07 Jul 21","839382","0","0","0","87741","0","0","0","3090","0","15633","840761","23676","89663","4408","4393","4392"
"30 Jun 21","827659","0","0","0","87586","0","0","0","3090","0","15586","838467","24116","89063","4408","4377","4377"
"23 Jun 21","829727","0","0","0","87503","0","0","0","3090","0","15517","837320","25031","84586","4408","4329","4330"
"16 Jun 21","831147","0","0","0","87580","0","0","0","3090","0","15388","835026","27249","84202","4408","4294","4294"
"09 Jun 21","823889","0","0","0","87682","0","0","0","3090","0","15250","833879","27434","84194","4582","4288","4288"
"02 Jun 21","829441","0","0","0","87778","0","0","0","3205","0","15988","829292","27434","83829","4582","4275","4276"
"26 May 21","831499","0","0","0","87400","0","0","0","3205","0","15897","826998","27515","83030","4582","4287","4288"
"19 May 21","827305","0","0","0","87369","0","0","0","3205","0","15760","823557","27658","82081","4881","4276","4276"
"12 May 21","827491","0","0","0","87139","0","0","0","3205","0","15638","820116","27711","81826","6550","4293","4293"
"05 May 21","825973","0","0","0","87018","0","0","0","3723","0","15572","814862","28239","81246","6789","4350","4348"
"28 Apr 21","816480","0","0","0","86692","0","0","0","3708","0","15446","811903","28278","80694","7402","4346","4343"
"21 Apr 21","812487","0","0","0","86413","0","0","0","3708","0","15334","807463","28433","76854","7531","4345","4342"
"14 Apr 21","807331","0","0","0","86444","0","0","0","3698","0","15215","803023","28787","76414","7531","4388","4384"
"07 Apr 21","798915","0","0","0","86598","0","0","0","4018","0","15144","797103","28872","74734","7929","4396","4826"
"31 Mar 21","790041","0","0","0","86016","0","0","0","4018","0","15140","794143","28947","74129","7929","4386","4859"
"24 Mar 21","799930","0","0","0","85553","0","0","0","4018","0","14980","789703","31048","78720","8228","4412","4844"
"17 Mar 21","803668","0","0","0","85227","0","0","0","4018","0","14930","785264","37191","76542","9241","4362","4789"
"10 Mar 21","800148","0","0","0","84948","0","0","0","4018","0","14785","780824","37771","76217","10104","4356","4783"
"03 Mar 21","800586","0","0","0","84749","0","0","0","4613","0","14785","776384","38272","75947","11524","5774","5401"
"24 Feb 21","796625","0","0","0","84446","0","0","0","4613","0","14702","771944","39558","75367","11773","4316","4314"
"17 Feb 21","794321","0","0","0","84387","0","0","0","4603","0","14592","770096","46364","70107","11534","4414","4413"
"10 Feb 21","790165","0","0","0","84220","0","0","0","4603","0","14518","767137","46449","69867","12231","4414","4413"
"03 Feb 21","787616","0","0","0","84258","0","0","0","4793","0","14473","765657","46644","69867","12530","4476","4475"
"27 Jan 21","778484","0","0","0","84120","0","0","0","4788","0","14393","761217","46791","66617","12058","4458","4457"
"20 Jan 21","762656","0","0","0","84100","0","0","0","4788","0","14303","756777","46975","63996","12281","4478","4476"
"13 Jan 21","775003","0","0","0","84408","0","0","0","4788","0","14252","752337","47410","68561","12182","4482","4480"
"06 Jan 21","770506","0","0","0","85086","0","0","0","4698","0","14182","747897","50060","68246","12212","4498","4496"
"30 Dec 20","767807","0","0","0","85394","0","0","0","4698","0","14179","744937","50110","68243","12162","4489","4487"
"23 Dec 20","770976","0","0","0","85246","0","0","0","4698","0","14175","744937","50405","68222","12237","4516","4513"
"16 Dec 20","772815","0","0","0","84306","0","0","0","4688","0","14153","743880","51197","67277","13408","4526","4524"
"09 Dec 20","767734","0","0","0","83783","0","0","0","4683","0","14079","739461","57520","57597","14887","4556","4555"
"02 Dec 20","769745","0","0","0","83163","0","0","0","5873","0","14097","735042","60389","56166","15142","4580","4578"
"25 Nov 20","770091","0","0","0","82708","0","0","0","5860","0","14076","730624","67312","50812","15131","4562","4561"
"18 Nov 20","768196","0","0","0","82540","0","0","0","5860","0","14040","726205","69756","50251","15360","4590","4589"
"11 Nov 20","766661","0","0","0","82551","0","0","0","5860","0","13947","721786","70256","49654","15236","4621","4620"
"04 Nov 20","761947","0","0","0","82450","0","0","0","5910","0","13915","718840","70566","49645","15321","4702","4700"
"28 Oct 20","754166","0","0","0","82304","0","0","0","5905","0","13879","717367","70691","48528","15291","4695","4693"
"21 Oct 20","747633","0","0","0","82130","0","0","0","5905","0","13862","714421","70835","46006","15236","4640","4639"
"14 Oct 20","745080","0","0","0","82019","0","0","0","5905","0","13804","712948","71235","45716","15849","4682","4681"
"07 Oct 20","740507","0","0","0","82108","0","0","0","9880","0","13736","710002","72485","45159","15849","4733","4732"
"30 Sep 20","731618","0","0","0","82060","0","0","0","9855","0","13680","708247","72485","45148","15724","4723","4720"
"23 Sep 20","722703","0","0","0","81793","0","0","0","9750","0","13667","703269","75585","35223","16423","4784","4782"
"16 Sep 20","720704","0","0","0","81720","0","0","0","9675","0","13646","697143","75935","34724","16991","4695","4692"
"09 Sep 20","720979","0","0","0","81695","0","0","0","9660","0","13643","693581","80935","34326","17678","4698","4694"
"02 Sep 20","732945","0","0","0","81664","0","0","0","25959","0","13956","687555","80935","33606","17433","4612","4609"
"26 Aug 20","735560","0","0","0","81348","0","0","0","25634","0","13974","684467","80945","29823","17532","4647","4645"
"19 Aug 20","729045","0","0","0","81288","0","0","0","25519","0","13970","679890","81911","28216","17533","4667","4665"
"12 Aug 20","723510","0","0","0","81388","0","0","0","25469","0","13952","675311","87338","22217","17483","4710","4709"
"05 Aug 20","721079","0","0","0","81236","0","0","0","26454","0","13949","668762","87829","21885","17393","4684","4683"
"29 Jul 20","710964","0","0","0","80952","0","0","0","26454","0","13937","661637","87855","19438","17393","4745","4742"
"22 Jul 20","705387","0","0","0","80746","0","0","0","26454","125","13916","654606","88085","18738","18718","4831","4828"
"15 Jul 20","708984","0","0","0","80512","0","0","0","26454","125","13924","647292","93096","18396","18498","4879","4876"
"08 Jul 20","706027","0","0","0","80105","0","0","0","28949","135","13920","640115","93096","18344","18254","4881","4877"
"01 Jul 20","695052","0","0","0","79618","0","0","0","28949","385","13916","632994","93096","17838","17616","4934","4930"
"24 Jun 20","694623","0","0","0","79133","0","0","0","27809","6390","13880","625607","93336","14195","18596","4934","4930"
"17 Jun 20","686007","0","0","0","78785","0","0","0","27794","6390","13877","612756","99751","12435","17759","4897","4893"
"10 Jun 20","675541","0","0","0","78305","0","0","0","27544","6385","13851","598707","105651","11980","16310","4814","4809"
"03 Jun 20","666056","0","0","0","77757","0","0","0","27874","6385","13814","584745","106571","11980","16186","4873","5052"
"27 May 20","657680","0","0","0","77153","0","0","0","27869","6385","13747","571035","107099","11920","18979","5028","5274"
"20 May 20","643792","0","0","0","76452","0","0","0","27679","6385","13744","557018","107129","11920","20498","5004","5249"
"13 May 20","627404","0","0","0","76171","0","0","0","27479","6385","13718","542664","107174","11320","18767","5024","5265"
"06 May 20","614755","0","0","0","75533","0","0","0","27454","6385","13714","528507","107174","10970","17684","4961","5201"
"29 Apr 20","594210","0","0","0","75076","0","0","0","27194","6385","13682","514491","107174","8200","15910","4932","5130"
"22 Apr 20","570640","0","0","0","74818","0","0","0","25969","6385","13598","500169","107189","6000","11218","3346","3475"
"15 Apr 20","552079","0","0","0","74957","0","0","0","25269","11385","13562","486190","107189","0","8244","3293","3420"
"08 Apr 20","532371","0","0","0","74907","0","0","0","24987","11380","13558","471995","107189","n/a","5873","3318","3444"
"01 Apr 20","512834","0","0","0","74842","0","0","0","21737","11130","13554","458496","107189","n/a","1908","3324","3450"
"25 Mar 20","481339","0","0","0","74835","0","0","0","14537","0","13464","447996","107189","n/a","n/a","3492","3620"
"18 Mar 20","465635","0","0","0","74048","0","0","0","10858","0","13461","444997","107189","n/a","n/a","3500","3628"
"11 Mar 20","460129","0","0","0","74046","0","0","0","8298","0","13465","444997","107189","n/a","n/a","3195","3314"
"04 Mar 20","469040","0","0","0","74113","0","0","0","8192","0","14425","444997","107189","n/a","n/a","4796","4251"
"26 Feb 20","474973","0","0","0","74072","0","0","0","8172","0","14394","444997","107249","n/a","n/a","4730","4729"
"19 Feb 20","477016","0","0","0","73876","0","0","0","8147","0","14366","444997","107649","n/a","n/a","4727","4727"
"12 Feb 20","476201","0","0","0","73925","0","0","0","8137","0","14332","444997","107659","n/a","n/a","4715","4716"
"05 Feb 20","475770","0","0","0","74190","0","0","0","8357","0","14264","444997","107659","n/a","n/a","4705","4704"
"29 Jan 20","475796","0","0","0","74271","0","0","0","8252","0","14260","444997","107704","n/a","n/a","4701","4700"
"22 Jan 20","473473","0","0","0","74488","0","0","0","7992","0","14222","444997","107924","n/a","n/a","4648","4649"
"15 Jan 20","474291","0","0","0","74695","0","0","0","7442","0","14170","444997","107954","n/a","n/a","4687","4618"
"08 Jan 20","475642","0","0","0","75665","0","0","0","8502","0","14108","444997","108164","n/a","n/a","4658","4961"
"01 Jan 20","473150","0","0","0","77669","0","0","0","8502","0","14104","444997","108164","n/a","n/a","4622","4927"
"25 Dec 19","475579","0","0","0","78004","0","0","0","8502","0","14100","444997","110164","n/a","n/a","4709","5015"
"18 Dec 19","476327","0","0","0","77010","0","0","0","8472","0","14096","444997","110175","n/a","n/a","4656","4959"
"11 Dec 19","479192","0","0","0","76229","0","0","0","7932","0","14092","444997","112690","n/a","n/a","4620","4920"
"04 Dec 19","484171","0","0","0","76038","0","0","0","9703","0","14026","444997","112690","n/a","n/a","4646","4647"
"27 Nov 19","483356","0","0","0","75788","0","0","0","9093","0","14057","444997","112731","n/a","n/a","4728","4885"
"20 Nov 19","483761","0","0","0","75685","0","0","0","9093","0","14043","444997","112864","n/a","n/a","4714","4958"
"13 Nov 19","485724","0","0","0","75644","0","0","0","9093","0","14015","444997","114429","n/a","n/a","4734","4978"
"06 Nov 19","487077","0","0","0","75779","0","0","0","10188","0","13980","444997","114429","n/a","n/a","4723","4966"
"30 Oct 19","485886","0","0","0","75937","0","0","0","10038","0","13961","444997","114429","n/a","n/a","4721","5106"
"23 Oct 19","484366","0","0","0","75994","0","0","0","9398","0","13935","444997","114439","n/a","n/a","4718","4960"
"16 Oct 19","484528","0","0","0","76000","0","0","0","9033","0","13920","444997","114453","n/a","n/a","4747","4902"
"09 Oct 19","484757","0","0","0","76040","0","0","0","8673","0","13882","444997","114453","n/a","n/a","4982","5143"
"02 Oct 19","480443","0","0","0","76143","0","0","0","8997","0","13856","444997","114453","n/a","n/a","4942","5101"
"25 Sep 19","476654","0","0","0","76128","0","0","0","8917","0","13822","444997","115292","n/a","n/a","4901","5061"
"18 Sep 19","472920","0","0","0","76154","0","0","0","8917","0","13794","444997","116156","n/a","n/a","4855","5013"
"11 Sep 19","468687","0","0","0","76300","0","0","0","8892","0","13768","444997","116266","n/a","n/a","4917","5076"
"04 Sep 19","466583","0","0","0","76451","0","0","0","11893","0","14053","444997","116266","n/a","n/a","5020","5180"
"28 Aug 19","477604","0","0","0","76559","0","0","0","11873","0","14001","444997","116276","n/a","n/a","5004","5164"
"21 Aug 19","486850","0","0","0","76358","0","0","0","11768","0","13986","444997","116726","n/a","n/a","5057","5221"
"14 Aug 19","487144","0","0","0","76265","0","0","0","11743","0","13967","444997","116742","n/a","n/a","5083","5244"
"07 Aug 19","487676","0","0","0","76302","0","0","0","13823","0","13933","444997","116742","n/a","n/a","5045","5206"
"31 Jul 19","486936","0","0","0","76168","0","0","0","13538","0","13905","444997","116742","n/a","n/a","4986","5141"
"24 Jul 19","487025","0","0","0","76021","0","0","0","13438","0","13877","444997","116742","n/a","n/a","4881","4876"
"17 Jul 19","480773","0","0","0","75920","0","0","0","11858","0","13858","444997","116742","n/a","n/a","4904","4900"
"10 Jul 19","487373","0","0","0","75775","0","0","0","12778","0","13698","444997","116742","n/a","n/a","4877","4902"
"03 Jul 19","489015","0","0","0","75719","0","0","0","12528","0","13520","444997","116742","n/a","n/a","4850","4875"
"26 Jun 19","489961","0","0","0","75510","0","0","0","13228","0","13298","444997","116742","n/a","n/a","4808","4836"
"19 Jun 19","488356","0","0","0","75256","0","0","0","13128","0","13217","444997","116943","n/a","n/a","4816","4842"
"12 Jun 19","487661","0","0","0","75167","0","0","0","12823","0","13147","444997","116943","n/a","n/a","4781","4807"
"05 Jun 19","492925","0","0","0","75174","0","0","0","13646","0","13025","444997","117238","n/a","n/a","4779","4961"
"29 May 19","491997","0","0","0","75156","0","0","0","13571","0","12832","444997","117238","n/a","n/a","4795","4977"
"22 May 19","490866","0","0","0","74706","0","0","0","13571","0","12694","444997","117239","n/a","n/a","4774","4954"
"15 May 19","491822","0","0","0","74673","0","0","0","12816","0","12551","444997","117239","n/a","n/a","4698","4877"
"08 May 19","491878","0","0","0","75029","0","0","0","12963","0","12501","444997","117239","n/a","n/a","4639","4664"
"01 May 19","495534","0","0","0","74889","0","0","0","12943","0","12477","444997","121249","n/a","n/a","4609","4633"
"24 Apr 19","492892","0","0","0","75368","0","0","0","12903","0","12446","444997","121250","n/a","n/a","4647","4672"
"17 Apr 19","491067","0","0","0","74982","0","0","0","12841","0","12445","444997","121250","n/a","n/a","4606","4631"
"10 Apr 19","489268","0","0","0","74529","0","0","0","12611","0","12428","444997","121250","n/a","n/a","4596","5198"
"03 Apr 19","482697","0","0","0","74493","0","0","0","12561","0","12394","444997","121250","n/a","n/a","4568","5470"
"27 Mar 19","478655","0","0","0","74326","0","0","0","12086","0","12391","444997","121401","n/a","n/a","4548","4886"
"20 Mar 19","476641","0","0","0","74089","0","0","0","11916","0","12387","444997","121401","n/a","n/a","4545","4886"
"13 Mar 19","473585","0","0","0","74194","0","0","0","11511","0","12383","444997","121401","n/a","n/a","6050","7011"
"06 Mar 19","471255","0","0","0","74190","0","0","0","9631","0","12713","444997","121401","n/a","n/a","6076","6830"
"27 Feb 19","491220","0","0","0","74019","0","0","0","9631","0","12654","444997","121401","n/a","n/a","6021","6767"
"20 Feb 19","491212","0","0","0","73969","0","0","0","9631","0","12640","444997","121422","n/a","n/a","6145","6933"
"13 Feb 19","491320","0","0","0","74021","0","0","0","9631","0","12607","444997","121422","n/a","n/a","6224","6858"
"06 Feb 19","488315","0","0","0","74074","0","0","0","8134","0","12590","444997","121422","n/a","n/a","4610","5279"
"30 Jan 19","488792","0","0","0","74178","0","0","0","8134","0","12553","444997","121422","n/a","n/a","4567","5230"
"23 Jan 19","487910","0","0","0","74178","0","0","0","8134","0","12508","444997","121442","n/a","n/a","4570","5232"
"16 Jan 19","489815","0","0","0","74577","0","0","0","8134","0","12496","566438","n/a","n/a","n/a","4642","5312"
"09 Jan 19","487445","0","0","0","75494","0","0","0","7164","0","12483","566439","n/a","n/a","n/a","4684","4716"
"02 Jan 19","485156","0","0","0","77022","0","0","0","7164","0","12479","566439","n/a","n/a","n/a","4739","4768"
"26 Dec 18","484262","0","0","0","78188","0","0","0","7164","0","12475","566439","n/a","n/a","n/a","4714","4743"
"19 Dec 18","484932","0","0","0","76723","0","0","0","7164","0","12471","566439","n/a","n/a","n/a","4714","4742"
"12 Dec 18","486572","0","0","0","75840","0","0","0","7164","0","12445","566439","n/a","n/a","n/a","4699","4726"
"05 Dec 18","487301","0","0","0","75476","0","0","0","5830","0","12449","566439","n/a","n/a","n/a","4666","4690"
"28 Nov 18","488938","0","0","0","75175","0","0","0","5830","0","12316","566444","n/a","n/a","n/a","4663","4684"
"21 Nov 18","488529","0","0","0","74895","0","0","0","5830","0","12179","566444","n/a","n/a","n/a","4651","4853"
"14 Nov 18","487888","0","0","0","74974","0","0","0","5830","0","12085","566444","n/a","n/a","n/a","4566","4583"
"07 Nov 18","492628","0","0","0","74990","0","0","0","5428","0","11926","571444","n/a","n/a","n/a","4514","4530"
"31 Oct 18","491033","0","0","0","74989","0","0","0","5428","0","11878","571444","n/a","n/a","n/a","4644","4840"
"24 Oct 18","492580","0","0","0","74884","0","0","0","5428","0","11791","571444","n/a","n/a","n/a","4598","4791"
"17 Oct 18","492930","0","0","0","74782","0","0","0","5428","0","11672","571444","n/a","n/a","n/a","4518","4709"
"10 Oct 18","491587","0","0","0","74880","0","0","0","5428","0","11553","571444","n/a","n/a","n/a","4493","4503"
"03 Oct 18","489126","0","0","0","75096","0","0","0","5908","0","11406","571444","n/a","n/a","n/a","4562","4570"
"26 Sep 18","488810","0","0","0","75072","0","0","0","5908","0","11235","571444","n/a","n/a","n/a","4500","4506"
"19 Sep 18","487671","0","0","0","75022","0","0","0","5908","0","11082","571444","n/a","n/a","n/a","4512","4516"
"12 Sep 18","487381","0","0","0","75121","0","0","0","5908","0","10921","571454","n/a","n/a","n/a","4560","4573"
"05 Sep 18","491073","0","0","0","75305","0","0","0","5480","0","10902","571454","n/a","n/a","n/a","4588","4612"
"29 Aug 18","490880","0","0","0","75631","0","0","0","5480","0","10786","571454","n/a","n/a","n/a","4571","4614"
"22 Aug 18","488556","0","0","0","75201","0","0","0","5480","0","10703","571454","n/a","n/a","n/a","4606","4650"
"15 Aug 18","491426","0","0","0","75002","0","0","0","5480","0","10569","571457","n/a","n/a","n/a","4694","4737"
"08 Aug 18","489566","0","0","0","75102","0","0","0","4157","0","10416","571457","n/a","n/a","n/a","4610","4651"
"01 Aug 18","488157","0","0","0","75073","0","0","0","4157","0","10307","571457","n/a","n/a","n/a","4523","4562"
"25 Jul 18","486890","0","0","0","74934","0","0","0","4157","0","10262","571457","n/a","n/a","n/a","4515","4555"
"18 Jul 18","484138","0","0","0","74953","0","0","0","4157","0","10346","571457","n/a","n/a","n/a","4551","4589"
"11 Jul 18","490315","0","0","0","75016","0","0","0","4177","0","10150","571457","n/a","n/a","n/a","4480","4518"
"04 Jul 18","487918","0","0","0","74707","0","0","0","4177","0","9995","571457","n/a","n/a","n/a","4497","4532"
"27 Jun 18","488323","0","0","0","74437","0","0","0","4177","0","9847","571457","n/a","n/a","n/a","4519","4551"
"20 Jun 18","488221","0","0","0","74349","0","0","0","4177","0","9724","571607","n/a","n/a","n/a","4504","4534"
"13 Jun 18","487703","0","0","0","74140","0","0","0","4177","0","9657","571607","n/a","n/a","n/a","4439","4465"
"06 Jun 18","491577","0","0","0","74141","0","0","0","5062","0","9527","571607","n/a","n/a","n/a","4419","4443"
"30 May 18","493354","0","0","0","74492","0","0","0","5062","0","9400","571607","n/a","n/a","n/a","4478","4500"
"23 May 18","488391","0","0","0","74049","0","0","0","5062","0","9397","571607","n/a","n/a","n/a","4444","4466"
"16 May 18","494283","0","0","0","73798","0","0","0","5062","0","9394","571607","n/a","n/a","n/a","4394","4416"
"09 May 18","495869","0","0","0","73934","0","0","0","4287","0","9391","571607","n/a","n/a","n/a","4373","4392"
"02 May 18","495298","0","0","0","73611","0","0","0","4287","0","9383","571607","n/a","n/a","n/a","4359","4375"
"25 Apr 18","496302","0","0","0","73334","0","0","0","4287","0","9380","572007","n/a","n/a","n/a","4255","4269"
"18 Apr 18","496425","0","0","0","73199","0","0","0","4287","0","9376","572007","n/a","n/a","n/a","4175","4186"
"11 Apr 18","491192","0","0","0","73740","0","0","0","4287","0","9373","572012","n/a","n/a","n/a","4186","4193"
"04 Apr 18","483981","0","0","0","74523","0","0","0","4077","0","9365","572012","n/a","n/a","n/a","4223","4227"
"28 Mar 18","481950","0","0","0","73858","0","0","0","4077","0","9362","572012","n/a","n/a","n/a","4220","4223"
"21 Mar 18","478595","0","0","0","73374","0","0","0","4077","0","9359","572012","n/a","n/a","n/a","4222","4223"
"14 Mar 18","474943","0","0","0","73288","0","0","0","4077","0","9356","572012","n/a","n/a","n/a","5702","5707"
"07 Mar 18","473603","0","0","0","73354","0","0","0","4115","0","9352","572012","n/a","n/a","n/a","5720","5732"
"28 Feb 18","492226","0","0","0","73250","0","0","0","4115","0","9841","572012","n/a","n/a","n/a","5765","5316"
"21 Feb 18","480877","0","0","0","73117","0","0","0","4115","0","9876","560417","n/a","n/a","n/a","4263","4287"
"14 Feb 18","478462","0","0","0","73189","0","0","0","4115","0","9840","557402","n/a","n/a","n/a","4266","4288"
"07 Feb 18","473964","0","0","0","73211","0","0","0","4660","0","9878","552966","n/a","n/a","n/a","4291","4316"
"31 Jan 18","472128","0","0","0","73329","0","0","0","4660","0","9863","551864","n/a","n/a","n/a","4191","4214"
"24 Jan 18","471629","0","0","0","73506","0","0","0","4660","0","9890","551009","n/a","n/a","n/a","4190","4214"
"17 Jan 18","469351","0","0","0","73972","0","0","0","4660","0","9939","548276","n/a","n/a","n/a","4309","4333"
"10 Jan 18","467473","0","0","0","74747","0","0","0","4417","0","9912","548066","n/a","n/a","n/a","4407","4430"
"03 Jan 18","465536","0","0","0","76225","0","0","0","4417","0","9944","547944","n/a","n/a","n/a","4415","4438"
"27 Dec 17","460366","0","0","0","77444","0","0","0","4417","0","9961","547819","n/a","n/a","n/a","4450","4472"
"20 Dec 17","463435","0","0","0","76581","0","0","0","4417","0","9920","547539","n/a","n/a","n/a","4451","4471"
"13 Dec 17","463511","0","0","0","75812","0","0","0","4417","0","9939","545251","n/a","n/a","n/a","4468","4487"
"06 Dec 17","458571","0","0","0","75686","0","0","0","4072","0","9956","538399","n/a","n/a","n/a","4462","4480"
"29 Nov 17","458666","0","0","0","75450","0","0","0","4072","0","9950","537583","n/a","n/a","n/a","4456","4473"
"22 Nov 17","456730","0","0","0","75165","0","0","0","4072","0","9960","536398","n/a","n/a","n/a","4499","4514"
"15 Nov 17","457665","0","0","0","74961","0","0","0","4072","0","9925","535560","n/a","n/a","n/a","4542","4556"
"08 Nov 17","457705","0","0","0","75029","0","0","0","6067","0","9908","535115","n/a","n/a","n/a","4566","4580"
"01 Nov 17","457648","0","0","0","75133","0","0","0","6067","0","9820","534915","n/a","n/a","n/a","4514","4525"
"25 Oct 17","458084","0","0","0","74784","0","0","0","6067","0","9768","534353","n/a","n/a","n/a","4514","4523"
"18 Oct 17","456816","0","0","0","74842","0","0","0","6067","0","9762","532537","n/a","n/a","n/a","4545","4553"
"11 Oct 17","456370","0","0","0","75071","0","0","0","6067","0","9709","532292","n/a","n/a","n/a","4541","4547"
"04 Oct 17","453804","0","0","0","75271","0","0","0","6572","0","9688","530041","n/a","n/a","n/a","4510","4515"
"27 Sep 17","448753","0","0","0","75343","0","0","0","6572","0","9610","529542","n/a","n/a","n/a","4476","4480"
"20 Sep 17","445826","0","0","0","75218","0","0","0","6572","0","9593","529324","n/a","n/a","n/a","4418","4421"
"13 Sep 17","441894","0","0","0","75187","0","0","0","6572","0","9671","527624","n/a","n/a","n/a","4533","4555"
"06 Sep 17","428797","0","0","0","75328","0","0","0","8777","0","9820","527444","n/a","n/a","n/a","4596","4615"
"30 Aug 17","445784","0","0","0","75408","0","0","0","8777","0","9768","527852","n/a","n/a","n/a","4645","4677"
"23 Aug 17","443926","0","0","0","75013","0","0","0","8777","0","10488","527740","n/a","n/a","n/a","4690","4722"
"16 Aug 17","449866","0","0","0","74885","0","0","0","8777","0","10403","525375","n/a","n/a","n/a","4660","4690"
"09 Aug 17","450082","0","0","0","74853","0","0","0","9557","0","10378","524636","n/a","n/a","n/a","4618","4647"
"02 Aug 17","448704","0","0","0","74917","0","0","0","9557","0","10264","524589","n/a","n/a","n/a","4535","4564"
"26 Jul 17","448603","0","0","0","75082","0","0","0","9557","0","10231","523315","n/a","n/a","n/a","4590","4618"
"19 Jul 17","446250","0","0","0","74908","0","0","0","9557","0","10209","520661","n/a","n/a","n/a","4597","4624"
"12 Jul 17","445381","0","0","0","74974","0","0","0","9557","0","10106","520486","n/a","n/a","n/a","4651","4675"
"05 Jul 17","447611","0","0","0","74878","0","0","0","11210","0","10074","520461","n/a","n/a","n/a","4633","4657"
"28 Jun 17","441717","0","0","0","74690","0","0","0","11210","0","10071","514256","n/a","n/a","n/a","4636","4658"
"21 Jun 17","440845","0","0","0","74359","0","0","0","11210","0","10101","513661","n/a","n/a","n/a","4732","4755"
"14 Jun 17","437837","0","0","0","74280","0","0","0","11210","0","10135","510195","n/a","n/a","n/a","4692","4713"
"07 Jun 17","439528","0","0","0","74365","0","0","0","13385","0","10094","510023","n/a","n/a","n/a","4627","4648"
"31 May 17","437760","0","0","0","74776","0","0","0","13385","0","10126","508298","n/a","n/a","n/a","4649","4666"
"24 May 17","440568","0","0","0","74165","0","0","0","13385","0","10103","508034","n/a","n/a","n/a","4628","4644"
"17 May 17","438405","0","0","0","73733","0","0","0","13385","0","10100","505174","n/a","n/a","n/a","4632","4647"
"10 May 17","435710","0","0","0","74066","0","0","0","12575","0","10043","503704","n/a","n/a","n/a","4629","4645"
"03 May 17","434532","0","0","0","74706","0","0","0","12575","0","10076","502891","n/a","n/a","n/a","4647","4661"
"26 Apr 17","434068","0","0","0","74239","0","0","0","12575","0","10072","502500","n/a","n/a","n/a","4662","4674"
"19 Apr 17","430195","0","0","0","74841","0","0","0","12575","0","10059","500319","n/a","n/a","n/a","4684","4695"
"12 Apr 17","431207","0","0","0","74383","0","0","0","12575","0","10065","500009","n/a","n/a","n/a","4792","4806"
"05 Apr 17","429363","0","0","0","73916","0","0","0","11320","0","10028","499252","n/a","n/a","n/a","4801","4814"
"29 Mar 17","424021","0","0","0","73608","0","0","0","11320","0","10004","497306","n/a","n/a","n/a","4820","4992"
"22 Mar 17","416376","0","0","0","73352","0","0","0","11320","0","9972","490774","n/a","n/a","n/a","4799","4968"
"15 Mar 17","414142","0","0","0","73170","0","0","0","11320","0","9960","488354","n/a","n/a","n/a","6519","5989"
"08 Mar 17","409829","0","0","0","73222","0","0","0","9355","0","9923","486891","n/a","n/a","n/a","6550","6751"
"01 Mar 17","410929","0","0","0","73287","0","0","0","9355","0","9963","485633","n/a","n/a","n/a","6477","6075"
"22 Feb 17","406486","0","0","0","72974","0","0","0","9355","0","9895","484362","n/a","n/a","n/a","4807","4839"
"15 Feb 17","401862","0","0","0","72966","0","0","0","9355","0","9824","480541","n/a","n/a","n/a","4806","4838"
"08 Feb 17","398242","0","0","0","72991","0","0","0","9219","0","9821","479615","n/a","n/a","n/a","4778","4443"
"01 Feb 17","391315","0","0","0","73127","0","0","0","9219","0","9739","474013","n/a","n/a","n/a","4732","4761"
"25 Jan 17","384936","0","0","0","72990","0","0","0","9219","0","9710","468037","n/a","n/a","n/a","4745","4771"
"18 Jan 17","382630","0","0","0","73260","0","0","0","9219","0","9756","464152","n/a","n/a","n/a","4870","4895"
"11 Jan 17","380647","0","0","0","73944","0","0","0","9219","0","9713","455451","n/a","n/a","n/a","4887","4912"
"04 Jan 17","374472","0","0","0","75013","0","0","0","10879","0","9724","449082","n/a","n/a","n/a","4866","4893"
"28 Dec 16","370510","0","0","0","76367","0","0","0","10879","0","9739","448575","n/a","n/a","n/a","4886","4914"
"21 Dec 16","373021","0","0","0","75870","0","0","0","10879","0","9710","448425","n/a","n/a","n/a","4830","4857"
"14 Dec 16","362866","0","0","0","74742","0","0","0","10879","0","9702","436505","n/a","n/a","n/a","4711","4735"
"07 Dec 16","363777","0","0","0","74266","0","0","0","16566","0","9706","431134","n/a","n/a","n/a","4747","4769"
"30 Nov 16","358716","0","0","0","73974","0","0","0","16566","0","9732","425741","n/a","n/a","n/a","4795","4818"
"23 Nov 16","353950","0","0","0","73601","0","0","0","16566","0","9781","418783","n/a","n/a","n/a","4827","4849"
"16 Nov 16","352614","0","0","0","73226","0","0","0","16566","0","9765","415204","n/a","n/a","n/a","4823","4840"
"09 Nov 16","350556","0","0","0","73263","0","0","0","18297","0","9758","411488","n/a","n/a","n/a","4826","4842"
"02 Nov 16","347260","0","0","0","73214","0","0","0","18297","0","9744","408690","n/a","n/a","n/a","4883","4894"
"26 Oct 16","344471","0","0","0","72950","0","0","0","18297","0","9718","406998","n/a","n/a","n/a","4910","4921"
"19 Oct 16","337867","0","0","0","72665","0","0","0","18297","0","9687","404703","n/a","n/a","n/a","4893","4903"
"12 Oct 16","333314","0","0","0","72646","0","0","0","18297","0","9668","402126","n/a","n/a","n/a","4931","4938"
"05 Oct 16","330847","0","0","0","72708","0","0","0","20534","0","9746","398723","n/a","n/a","n/a","4720","4724"
"28 Sep 16","326116","0","0","0","72603","0","0","0","20364","0","9763","396336","n/a","n/a","n/a","4635","4635"
"21 Sep 16","320701","0","0","0","72382","0","0","0","20279","0","9678","394426","n/a","n/a","n/a","4642","4641"
"14 Sep 16","318442","0","0","0","72478","0","0","0","20209","0","9650","392566","n/a","n/a","n/a","4567","4582"
"07 Sep 16","318481","0","0","0","72534","0","0","0","24229","0","9694","390157","n/a","n/a","n/a","4511","4532"
"31 Aug 16","329063","0","0","0","72714","0","0","0","24229","0","10591","386647","n/a","n/a","n/a","4595","4614"
"24 Aug 16","328861","0","0","0","72261","0","0","0","23599","0","10465","384307","n/a","n/a","n/a","4546","4565"
"17 Aug 16","326164","0","0","0","71955","0","0","0","23374","0","10428","380798","n/a","n/a","n/a","4627","4645"
"10 Aug 16","323645","0","0","0","71977","0","0","0","24326","0","10414","377288","n/a","n/a","n/a","4632","4648"
"03 Aug 16","320728","0","0","0","71978","0","0","0","24126","0","10316","375000","n/a","n/a","n/a","4525","4539"
"27 Jul 16","319040","0","0","0","71751","0","0","0","24051","0","10301","375000","n/a","n/a","n/a","4593","4609"
"20 Jul 16","319931","0","0","0","71519","0","0","0","23801","0","10226","375000","n/a","n/a","n/a","4572","4588"
"13 Jul 16","317053","0","0","0","71519","0","0","0","21796","0","10257","375000","n/a","n/a","n/a","4565","4582"
"06 Jul 16","319679","0","0","0","71366","0","0","0","23567","0","10215","375000","n/a","n/a","n/a","4690","4705"
"29 Jun 16","316666","0","0","0","70969","0","0","0","20495","0","10158","375000","n/a","n/a","n/a","4468","4482"
"22 Jun 16","315851","0","0","0","70185","0","0","0","20125","0","10017","375000","n/a","n/a","n/a","4104","4112"
"15 Jun 16","315182","0","0","0","69976","0","0","0","17670","0","10089","375000","n/a","n/a","n/a","4251","4259"
"08 Jun 16","315276","0","0","0","69949","0","0","0","18015","0","10044","375000","n/a","n/a","n/a","4141","4147"
"01 Jun 16","317689","0","0","0","70391","0","0","0","18015","0","10031","375000","n/a","n/a","n/a","4172","4178"
"25 May 16","317800","0","0","0","69687","0","0","0","18015","0","10038","375000","n/a","n/a","n/a","4085","4091"
"18 May 16","317528","0","0","0","69523","0","0","0","18015","0","10045","375000","n/a","n/a","n/a","4117","4122"
"11 May 16","317932","0","0","0","69655","0","0","0","18869","0","10063","375000","n/a","n/a","n/a","4170","4173"
"04 May 16","318068","0","0","0","69871","0","0","0","18869","0","10008","375000","n/a","n/a","n/a","4165","4152"
"27 Apr 16","317165","0","0","0","69301","0","0","0","18869","0","9974","375000","n/a","n/a","n/a","4139","4127"
"20 Apr 16","319093","0","0","0","68764","0","0","0","18869","0","10024","375000","n/a","n/a","n/a","4185","4172"
"13 Apr 16","319051","0","0","0","68654","0","0","0","18869","0","10033","375000","n/a","n/a","n/a","4243","4551"
"06 Apr 16","318419","0","0","0","68955","0","0","0","18657","0","10039","375000","n/a","n/a","n/a","4279","4593"
"30 Mar 16","313863","0","0","0","69591","0","0","0","18657","0","10009","375000","n/a","n/a","n/a","4170","4333"
"23 Mar 16","314226","0","0","0","68755","0","0","0","18657","0","9987","375000","n/a","n/a","n/a","4260","4427"
"16 Mar 16","315435","0","0","0","67874","0","0","0","18657","0","9962","375000","n/a","n/a","n/a","5673","5595"
"09 Mar 16","312137","0","0","0","67823","0","0","0","15522","0","9952","375000","n/a","n/a","n/a","5630","5645"
"02 Mar 16","314843","0","0","0","67629","0","0","0","15522","0","10024","375000","n/a","n/a","n/a","4275","4122"
"24 Feb 16","314415","0","0","0","67235","0","0","0","15522","0","10007","375000","n/a","n/a","n/a","4325","4328"
"17 Feb 16","316165","0","0","0","66978","0","0","0","15522","0","9960","375000","n/a","n/a","n/a","4205","4208"
"10 Feb 16","317318","0","0","0","67006","0","0","0","16261","0","9953","375000","n/a","n/a","n/a","4161","4164"
"03 Feb 16","315378","0","0","0","67101","0","0","0","16261","0","9923","375000","n/a","n/a","n/a","4130","4131"
"27 Jan 16","311501","0","0","0","66841","0","0","0","16261","0","9833","375000","n/a","n/a","n/a","4218","4218"
"20 Jan 16","315863","0","0","0","66573","0","0","0","16261","0","9851","375000","n/a","n/a","n/a","4239","4238"
"13 Jan 16","314629","0","0","0","66948","0","0","0","16261","0","9812","375000","n/a","n/a","n/a","4161","4160"
"06 Jan 16","311981","0","0","0","68222","0","0","0","15455","0","9767","375000","n/a","n/a","n/a","4110","4108"
"30 Dec 15","310112","0","0","0","69754","0","0","0","15455","0","9697","375000","n/a","n/a","n/a","4043","4043"
"23 Dec 15","309769","0","0","0","69779","0","0","0","15455","0","9713","375000","n/a","n/a","n/a","4036","4035"
"16 Dec 15","300926","0","0","0","68333","0","0","0","15455","0","9712","375000","n/a","n/a","n/a","4000","3996"
"09 Dec 15","296547","0","0","0","67899","0","0","0","13492","0","9732","375000","n/a","n/a","n/a","3957","3952"
"02 Dec 15","311934","0","0","0","67681","0","0","0","13492","0","10401","375000","n/a","n/a","n/a","4019","4012"
"25 Nov 15","314545","0","0","0","67178","0","0","0","13492","0","10324","375000","n/a","n/a","n/a","3971","3966"
"18 Nov 15","315467","0","0","0","66831","0","0","0","13492","0","10265","375000","n/a","n/a","n/a","3951","3943"
"11 Nov 15","315331","0","0","0","66829","0","0","0","14042","0","10188","375000","n/a","n/a","n/a","3953","3946"
"04 Nov 15","315984","0","0","0","66872","0","0","0","14042","0","10200","375000","n/a","n/a","n/a","3909","3903"
"28 Oct 15","316052","0","0","0","66677","0","0","0","14042","0","10228","375000","n/a","n/a","n/a","3947","3940"
"21 Oct 15","316345","0","0","0","66343","0","0","0","14042","0","10188","375000","n/a","n/a","n/a","3901","3892"
"14 Oct 15","313758","0","0","0","66351","0","0","0","14042","0","10156","375000","n/a","n/a","n/a","3909","3901"
"07 Oct 15","314821","0","0","0","66511","0","0","0","15272","0","10130","375000","n/a","n/a","n/a","3937","3927"
"30 Sep 15","311762","0","0","0","66428","0","0","0","15272","0","10144","375000","n/a","n/a","n/a","3980","3969"
"23 Sep 15","308068","0","0","0","66131","0","0","0","15272","0","10131","375000","n/a","n/a","n/a","3956","3944"
"16 Sep 15","304930","0","0","0","66071","0","0","0","15272","0","10055","375000","n/a","n/a","n/a","3877","3873"
"09 Sep 15","301128","0","0","0","66089","0","0","0","16562","0","10077","375000","n/a","n/a","n/a","3915","3921"
"02 Sep 15","317245","0","0","0","66749","0","0","0","16562","0","10732","375000","n/a","n/a","n/a","3937","3940"
"26 Aug 15","317865","0","0","0","66304","0","0","0","16562","0","10768","375000","n/a","n/a","n/a","3877","3881"
"19 Aug 15","318345","0","0","0","66189","0","0","0","16562","0","10786","375000","n/a","n/a","n/a","3847","3850"
"12 Aug 15","316861","0","0","0","66215","0","0","0","15427","0","10778","375000","n/a","n/a","n/a","3852","3854"
"05 Aug 15","316892","0","0","0","66220","0","0","0","15427","0","10717","375000","n/a","n/a","n/a","3853","3855"
"29 Jul 15","317794","0","0","0","66233","0","0","0","15427","0","10713","375000","n/a","n/a","n/a","3845","3846"
"22 Jul 15","317300","0","0","0","66030","0","0","0","15427","0","10684","375000","n/a","n/a","n/a","3849","3848"
"15 Jul 15","316813","0","0","0","65680","0","0","0","15427","0","10625","375000","n/a","n/a","n/a","3850","3850"
"08 Jul 15","314924","0","0","0","65578","0","0","0","13372","0","10698","375000","n/a","n/a","n/a","3926","3924"
"01 Jul 15","314944","0","0","0","65567","0","0","0","13372","0","10641","375000","n/a","n/a","n/a","3849","3846"
"24 Jun 15","315669","0","0","0","65184","0","0","0","13372","0","10607","375000","n/a","n/a","n/a","3828","3824"
"17 Jun 15","315355","0","0","0","65054","0","0","0","13372","0","10629","375000","n/a","n/a","n/a","3827","3820"
"10 Jun 15","314440","0","0","0","65167","0","0","0","12565","0","10608","375000","n/a","n/a","n/a","3868","3862"
"03 Jun 15","316634","0","0","0","65197","0","0","0","12565","0","10663","375000","n/a","n/a","n/a","3925","3916"
"27 May 15","317155","0","0","0","65316","0","0","0","12565","0","10752","375000","n/a","n/a","n/a","3926","3918"
"20 May 15","318172","0","0","0","64675","0","0","0","12565","0","10727","375000","n/a","n/a","n/a","3878","3869"
"13 May 15","313855","0","0","0","64529","0","0","0","8412","0","10738","375000","n/a","n/a","n/a","3831","3820"
"06 May 15","312342","0","0","0","65415","0","0","0","8412","0","10739","375000","n/a","n/a","n/a","3948","3934"
"29 Apr 15","312707","0","0","0","64809","0","0","0","8412","0","10780","375000","n/a","n/a","n/a","3897","3883"
"22 Apr 15","309803","0","0","0","64364","0","0","0","8412","0","10818","375000","n/a","n/a","n/a","4009","3994"
"15 Apr 15","309000","0","0","0","64494","0","0","0","8412","0","10848","375000","n/a","n/a","n/a","4069","4053"
"08 Apr 15","304285","0","0","0","65256","0","0","0","5180","0","10838","375000","n/a","n/a","n/a","4042","4025"
"01 Apr 15","304265","0","0","0","65030","0","0","0","5180","0","10852","375000","n/a","n/a","n/a","4068","4057"
"25 Mar 15","305656","0","0","0","64104","0","0","0","5180","0","10869","375000","n/a","n/a","n/a","4020","4007"
"18 Mar 15","304713","0","0","0","63715","0","0","0","5180","0","10826","375000","n/a","n/a","n/a","4020","4011"
"11 Mar 15","303217","0","0","0","63691","0","0","0","2994","0","10701","375000","n/a","n/a","n/a","4004","3991"
"04 Mar 15","306862","0","0","0","63584","0","0","0","2994","0","10747","375000","n/a","n/a","n/a","3935","3931"
"25 Feb 15","307017","0","0","0","63309","0","0","0","2994","0","10810","375000","n/a","n/a","n/a","3875","3869"
"18 Feb 15","307311","0","0","0","63008","0","0","0","2994","0","10784","375000","n/a","n/a","n/a","3891","3886"
"11 Feb 15","306302","0","0","0","63284","0","0","0","2339","0","10791","375000","n/a","n/a","n/a","3933","3927"
"04 Feb 15","306174","0","0","0","63282","0","0","0","2339","0","10839","375000","n/a","n/a","n/a","3951","3945"
"28 Jan 15","304983","0","0","0","62941","0","0","0","2339","0","10863","375000","n/a","n/a","n/a","3961","3954"
"21 Jan 15","304769","0","0","0","62905","0","0","0","2339","0","10856","375000","n/a","n/a","n/a","3981","3973"
"14 Jan 15","303304","0","0","0","63275","0","0","0","2339","0","10795","375000","n/a","n/a","n/a","3954","3945"
"07 Jan 15","301237","0","0","0","64454","0","0","0","2298","0","10763","375000","n/a","n/a","n/a","3980","3971"
"31 Dec 14","298544","0","0","0","66038","0","0","0","2298","0","10710","375000","n/a","n/a","n/a","3851","3844"
"24 Dec 14","299414","0","0","0","66876","0","0","0","2298","0","10662","375000","n/a","n/a","n/a","3861","3854"
"17 Dec 14","300352","0","0","0","65253","0","0","0","2298","0","10701","375000","n/a","n/a","n/a","3839","3830"
"10 Dec 14","300956","0","0","0","64724","0","0","0","1903","0","10674","375000","n/a","n/a","n/a","3827","3816"
"03 Dec 14","303668","0","0","0","64298","0","0","0","1903","0","10684","375000","n/a","n/a","n/a","3824","3813"
"26 Nov 14","303509","0","0","0","63672","0","0","0","1903","0","10600","375000","n/a","n/a","n/a","3805","3793"
"19 Nov 14","304297","0","0","0","63128","0","0","0","1903","0","10501","375000","n/a","n/a","n/a","3835","3822"
"12 Nov 14","304993","0","0","0","63108","0","0","0","1746","0","10441","375000","n/a","n/a","n/a","3796","3783"
"05 Nov 14","304766","0","0","0","63060","0","0","0","1746","0","10416","375000","n/a","n/a","n/a","3761","3748"
"29 Oct 14","302106","0","0","0","63059","0","0","0","1746","0","10379","375000","n/a","n/a","n/a","3725","3711"
"22 Oct 14","304393","0","0","0","62562","0","0","0","1746","0","10352","375000","n/a","n/a","n/a","3750","3735"
"15 Oct 14","300727","0","0","0","62607","0","0","0","1746","0","10383","375000","n/a","n/a","n/a","3792","3773"
"08 Oct 14","299079","0","0","0","62617","0","0","0","1658","0","10305","375000","n/a","n/a","n/a","3739","3721"
"01 Oct 14","293613","0","0","0","62704","0","0","0","1658","0","10263","375000","n/a","n/a","n/a","3708","3690"
"24 Sep 14","289788","0","0","0","62598","0","0","0","1658","0","10186","375000","n/a","n/a","n/a","3672","3655"
"17 Sep 14","289724","0","0","0","62391","0","0","0","1658","0","10135","375000","n/a","n/a","n/a","3678","3674"
"10 Sep 14","288265","0","0","0","62341","0","0","0","1562","0","10105","375000","n/a","n/a","n/a","3717","3718"
"03 Sep 14","301950","0","0","0","62365","0","0","0","1562","0","10608","375000","n/a","n/a","n/a","3651","3655"
"27 Aug 14","302778","0","0","0","62512","0","0","0","1562","0","10579","375000","n/a","n/a","n/a","3623","3627"
"20 Aug 14","303539","0","0","0","62109","0","0","0","1562","0","10516","375000","n/a","n/a","n/a","3611","3622"
"13 Aug 14","303843","0","0","0","62080","0","0","0","2127","0","10465","375000","n/a","n/a","n/a","3602","3596"
"06 Aug 14","304120","0","0","0","62150","0","0","0","2127","0","10439","375000","n/a","n/a","n/a","3571","3564"
"30 Jul 14","303183","0","0","0","62163","0","0","0","2127","0","10416","375000","n/a","n/a","n/a","3550","3544"
"23 Jul 14","303509","0","0","0","61770","0","0","0","2127","0","10385","375000","n/a","n/a","n/a","3526","3519"
"16 Jul 14","303931","0","0","0","61685","0","0","0","2127","0","10313","375000","n/a","n/a","n/a","3504","3496"
"09 Jul 14","303718","0","0","0","61644","0","0","0","1908","0","10308","375000","n/a","n/a","n/a","3504","3496"
"02 Jul 14","303764","0","0","0","61641","0","0","0","1908","0","10242","375000","n/a","n/a","n/a","3501","3500"
"25 Jun 14","303599","0","0","0","61410","0","0","0","1908","0","10247","375000","n/a","n/a","n/a","3540","3531"
"18 Jun 14","303435","0","0","0","61164","0","0","0","1908","0","10197","375000","n/a","n/a","n/a","3547","3537"
"11 Jun 14","303405","0","0","0","61157","0","0","0","1473","0","10209","375000","n/a","n/a","n/a","3581","3572"
"04 Jun 14","305980","0","0","0","61175","0","0","0","1473","0","10243","375000","n/a","n/a","n/a","3590","3579"
"28 May 14","305548","0","0","0","61436","0","0","0","1473","0","10264","375000","n/a","n/a","n/a","3605","3594"
"21 May 14","304879","0","0","0","60993","0","0","0","1473","0","10207","375000","n/a","n/a","n/a","3567","3555"
"14 May 14","304876","0","0","0","60778","0","0","0","1313","0","10223","375000","n/a","n/a","n/a","3589","3577"
"07 May 14","304262","0","0","0","61436","0","0","0","1313","0","10195","375000","n/a","n/a","n/a","3544","3533"
"30 Apr 14","303808","0","0","0","61255","0","0","0","1313","0","10197","375000","n/a","n/a","n/a","3560","3548"
"23 Apr 14","303399","0","0","0","61661","0","0","0","1313","0","10171","375000","n/a","n/a","n/a","3581","3570"
"16 Apr 14","299695","0","0","0","61421","0","0","0","1313","0","10182","375000","n/a","n/a","n/a","3580","3568"
"09 Apr 14","300649","0","0","0","60479","0","0","0","1313","0","10192","375000","n/a","n/a","n/a","3587","3574"
"02 Apr 14","299696","0","0","0","60447","0","0","0","1313","0","10167","375000","n/a","n/a","n/a","3608","3596"
"26 Mar 14","300100","0","0","0","60104","0","0","0","1313","0","10161","375000","n/a","n/a","n/a","3624","3612"
"19 Mar 14","299620","0","0","0","59820","0","0","0","1313","0","10140","375000","n/a","n/a","n/a","3616","3958"
"12 Mar 14","295540","0","0","0","59758","0","0","0","1165","0","10099","375000","n/a","n/a","n/a","3620","3831"
"05 Mar 14","306104","0","0","0","59721","0","0","0","1165","0","10168","375000","n/a","n/a","n/a","3592","3034"
"26 Feb 14","305743","0","0","0","59610","0","0","0","1165","0","10161","375000","n/a","n/a","n/a","3612","3615"
"19 Feb 14","305951","0","0","0","59391","0","0","0","1165","0","10152","375000","n/a","n/a","n/a","3597","3599"
"12 Feb 14","303994","0","0","0","59444","0","0","0","325","0","10098","375000","n/a","n/a","n/a","3624","3626"
"05 Feb 14","302188","0","0","0","59528","0","0","0","325","0","10137","375000","n/a","n/a","n/a","3687","3689"
"29 Jan 14","302310","0","0","0","59478","0","0","0","325","0","10086","375000","n/a","n/a","n/a","3632","3624"
"22 Jan 14","300583","0","0","0","59438","0","0","0","325","0","10025","375000","n/a","n/a","n/a","3624","3628"
"15 Jan 14","300820","0","0","0","59688","0","0","0","325","0","10006","375000","n/a","n/a","n/a","3674","3675"
"08 Jan 14","299413","0","0","0","60517","0","0","0","125","0","9990","375000","n/a","n/a","n/a","3647","3648"
"01 Jan 14","297036","0","0","0","62470","0","0","0","125","0","9979","375000","n/a","n/a","n/a","3634","3648"